<?xml version="1.0" encoding="UTF-8"?>
<project-private xmlns="http://www.netbeans.org/ns/project-private/1">
    <editor-bookmarks xmlns="http://www.netbeans.org/ns/editor-bookmarks/2" lastBookmarkId="0"/>
    <open-files xmlns="http://www.netbeans.org/ns/projectui-open-files/2">
        <group>
            <file>file:/C:/J2EE/NetBeansProjects/HealthCareServiceProvider/web/customer-up-in.html</file>
            <file>file:/C:/J2EE/NetBeansProjects/HealthCareServiceProvider/web/index.html</file>
            <file>file:/C:/J2EE/NetBeansProjects/HealthCareServiceProvider/web/CSS/SuccessLogin.css</file>
            <file>file:/C:/J2EE/NetBeansProjects/HealthCareServiceProvider/web/SuccessLogin.html</file>
            <file>file:/C:/J2EE/NetBeansProjects/HealthCareServiceProvider/web/afterloginindex.html</file>
            <file>file:/C:/J2EE/NetBeansProjects/HealthCareServiceProvider/web/JS/SuccessLogin.js</file>
            <file>file:/C:/J2EE/NetBeansProjects/HealthCareServiceProvider/src/java/health/AdminLogin.java</file>
        </group>
    </open-files>
</project-private>
